{
  "required": true,
  "minVersion": "0.7",
  "package": "dev.azure.mixins.implement",
  "refmap": "mixins.azure.refmap.json",
  "compatibilityLevel": "JAVA_8",
  "mixins": [
    "MixinBlockEndPortalFrame",
    "MixinBlockLiquid",
    "MixinBlockSoulSand",
    "MixinContainerPlayer",
    "MixinEntityPlayer",
    "MixinEntityPlayerSP",
    "MixinEntityRender",
    "MixinEntityRenderer",
    "MixinGuiNewChat",
    "MixinLayerArmorBase",
    "MixinMinecraft",
    "MixinNetHandlerPlayClient",
    "MixinNetworkManager",
    "MixinPlayerControllerMP",
    "MixinRender",
    "MixinRenderEntityItem",
    "MixinRenderItem",
    "MixinWorld"
  ]
}